mgrs_tile,description,platform,file_id,start_time,stop_time,absolute_orbit,path_number,frame_number,beam_mode,polarization,flight_direction,look_direction,burst_count,download_url
43WFS,43WFS,Sentinel-1C,,2025-04-15T01:21:26.523340Z,2025-04-15T01:21:57.198407Z,1897,,2230,IW,VV+VH,DESCENDING,R,,https://datapool.asf.alaska.edu/SLC/SC/S1C_IW_SLC__1SDV_20250415T012126_20250415T012157_001897_003A83_6262.zip
43WFS,43WFS,Sentinel-1C,,2025-04-13T01:37:34.306307Z,2025-04-13T01:38:04.979318Z,1868,,2207,IW,VV+VH,DESCENDING,R,,https://datapool.asf.alaska.edu/SLC/SC/S1C_IW_SLC__1SDV_20250413T013734_20250413T013804_001868_0038CC_0676.zip
37MEV,37MEV,Sentinel-1C,,2025-04-17T03:03:01.115518Z,2025-04-17T03:03:31.759751Z,1927,,3620,IW,VV+VH,DESCENDING,R,,https://datapool.asf.alaska.edu/SLC/SC/S1C_IW_SLC__1SDV_20250417T030301_20250417T030331_001927_003C5E_0E69.zip
50UQD,50UQD,Sentinel-1C,,2025-04-19T22:16:24.869587Z,2025-04-19T22:16:51.828208Z,1968,,2531,IW,VV+VH,DESCENDING,R,,https://datapool.asf.alaska.edu/SLC/SC/S1C_IW_SLC__1SDV_20250419T221624_20250419T221651_001968_003EDA_B924.zip
50UQD,50UQD,Sentinel-1C,,2025-04-19T22:16:00.040523Z,2025-04-19T22:16:27.005311Z,1968,,2501,IW,VV+VH,DESCENDING,R,,https://datapool.asf.alaska.edu/SLC/SC/S1C_IW_SLC__1SDV_20250419T221600_20250419T221627_001968_003EDA_B79D.zip
30STE,30STE,Sentinel-1C,,2025-04-22T06:18:21.991214Z,2025-04-22T06:18:40.789276Z,2002,,2869,IW,HH+HV,DESCENDING,R,,https://datapool.asf.alaska.edu/SLC/SC/S1C_IW_SLC__1SDH_20250422T061821_20250422T061840_002002_0040D6_47CA.zip
30STE,30STE,Sentinel-1C,,2025-04-21T18:17:15.820023Z,2025-04-21T18:17:34.622196Z,1995,,721,IW,HH+HV,ASCENDING,R,,https://datapool.asf.alaska.edu/SLC/SC/S1C_IW_SLC__1SDH_20250421T181715_20250421T181734_001995_004061_DFF4.zip
30STE,30STE,Sentinel-1C,,2025-04-16T18:09:07.087698Z,2025-04-16T18:09:28.041679Z,1922,,727,EW,HH+HV,ASCENDING,R,,https://datapool.asf.alaska.edu/SLC/SC/S1C_EW_SLC__1SDH_20250416T180907_20250416T180928_001922_003C01_F1AC.zip
30STE,30STE,Sentinel-1C,,2025-04-15T06:26:33.204082Z,2025-04-15T06:26:52.026811Z,1900,,2866,IW,HH+HV,DESCENDING,R,,https://datapool.asf.alaska.edu/SLC/SC/S1C_IW_SLC__1SDH_20250415T062633_20250415T062652_001900_003ABF_DE71.zip
30STE,30STE,Sentinel-1C,,2025-04-14T18:25:23.999896Z,2025-04-14T18:25:44.971393Z,1893,,714,EW,HH+HV,ASCENDING,R,,https://datapool.asf.alaska.edu/SLC/SC/S1C_EW_SLC__1SDH_20250414T182523_20250414T182544_001893_003A58_2390.zip
30STE,30STE,Sentinel-1C,,2025-04-10T06:18:46.205739Z,2025-04-10T06:19:16.858195Z,1827,,2899,IW,VV+VH,DESCENDING,R,,https://datapool.asf.alaska.edu/SLC/SC/S1C_IW_SLC__1SDV_20250410T061846_20250410T061916_001827_003639_D4B9.zip
30STE,30STE,Sentinel-1C,,2025-04-10T06:18:21.736919Z,2025-04-10T06:18:39.666614Z,1827,,2871,EW,HH+HV,DESCENDING,R,,https://datapool.asf.alaska.edu/SLC/SC/S1C_EW_SLC__1SDH_20250410T061821_20250410T061839_001827_003637_39E1.zip
30STE,30STE,Sentinel-1C,,2025-04-09T18:17:15.344999Z,2025-04-09T18:17:36.290223Z,1820,,720,EW,HH+HV,ASCENDING,R,,https://datapool.asf.alaska.edu/SLC/SC/S1C_EW_SLC__1SDH_20250409T181715_20250409T181736_001820_0035AF_598C.zip
43VDJ,43VDJ,Sentinel-1C,,2025-04-15T01:23:09.527265Z,2025-04-15T01:23:36.494109Z,1897,,2352,IW,VV+VH,DESCENDING,R,,https://datapool.asf.alaska.edu/SLC/SC/S1C_IW_SLC__1SDV_20250415T012309_20250415T012336_001897_003A83_AC98.zip
43VDJ,43VDJ,Sentinel-1C,,2025-04-13T01:39:42.141353Z,2025-04-13T01:40:10.078419Z,1868,,2358,IW,VV+VH,DESCENDING,R,,https://datapool.asf.alaska.edu/SLC/SC/S1C_IW_SLC__1SDV_20250413T013942_20250413T014010_001868_0038CC_354B.zip
43VDJ,43VDJ,Sentinel-1C,,2025-04-13T01:39:17.314344Z,2025-04-13T01:39:44.281188Z,1868,,2329,IW,VV+VH,DESCENDING,R,,https://datapool.asf.alaska.edu/SLC/SC/S1C_IW_SLC__1SDV_20250413T013917_20250413T013944_001868_0038CC_6693.zip
18NYK,18NYK,Sentinel-1C,,2025-04-21T23:04:52.372549Z,2025-04-21T23:05:19.304448Z,1998,,102,IW,VV+VH,ASCENDING,R,,https://datapool.asf.alaska.edu/SLC/SC/S1C_IW_SLC__1SDV_20250421T230452_20250421T230519_001998_004094_0D1B.zip
18NYK,18NYK,Sentinel-1C,,2025-04-21T23:04:23.841428Z,2025-04-21T23:04:54.479495Z,1998,,70,IW,VV+VH,ASCENDING,R,,https://datapool.asf.alaska.edu/SLC/SC/S1C_IW_SLC__1SDV_20250421T230423_20250421T230454_001998_004094_AAF3.zip
18NYK,18NYK,Sentinel-1C,,2025-04-16T10:33:59.267146Z,2025-04-16T10:34:27.173379Z,1917,,3504,IW,VV+VH,DESCENDING,R,,https://datapool.asf.alaska.edu/SLC/SC/S1C_IW_SLC__1SDV_20250416T103359_20250416T103427_001917_003BB9_B2E8.zip
18NYK,18NYK,Sentinel-1C,,2025-04-09T23:04:51.731383Z,2025-04-09T23:05:18.665337Z,1823,,102,IW,VV+VH,ASCENDING,R,,https://datapool.asf.alaska.edu/SLC/SC/S1C_IW_SLC__1SDV_20250409T230451_20250409T230518_001823_0035E5_EFE2.zip
18NYK,18NYK,Sentinel-1C,,2025-04-09T23:04:23.202317Z,2025-04-09T23:04:53.838328Z,1823,,70,IW,VV+VH,ASCENDING,R,,https://datapool.asf.alaska.edu/SLC/SC/S1C_IW_SLC__1SDV_20250409T230423_20250409T230453_001823_0035E5_117C.zip
19PFK,19PFK,Sentinel-1C,,2025-04-18T22:41:25.095724Z,2025-04-18T22:41:52.027623Z,1954,,192,IW,VV+VH,ASCENDING,R,,https://datapool.asf.alaska.edu/SLC/SC/S1C_IW_SLC__1SDV_20250418T224125_20250418T224152_001954_003DFA_A036.zip
19PFK,19PFK,Sentinel-1C,,2025-04-18T22:41:00.266660Z,2025-04-18T22:41:27.202670Z,1954,,162,IW,VV+VH,ASCENDING,R,,https://datapool.asf.alaska.edu/SLC/SC/S1C_IW_SLC__1SDV_20250418T224100_20250418T224127_001954_003DFA_C1FD.zip
19PFK,19PFK,Sentinel-1C,,2025-04-18T10:16:18.927031Z,2025-04-18T10:16:42.284317Z,1946,,3415,IW,VV+VH,DESCENDING,R,,https://datapool.asf.alaska.edu/SLC/SC/S1C_IW_SLC__1SDV_20250418T101618_20250418T101642_001946_003D87_01BE.zip
19PFK,19PFK,Sentinel-1C,,2025-04-11T22:49:38.948114Z,2025-04-11T22:50:05.880013Z,1852,,192,IW,VV+VH,ASCENDING,R,,https://datapool.asf.alaska.edu/SLC/SC/S1C_IW_SLC__1SDV_20250411T224938_20250411T225005_001852_0037BC_207B.zip
19PFK,19PFK,Sentinel-1C,,2025-04-11T22:49:14.127272Z,2025-04-11T22:49:41.057115Z,1852,,162,IW,VV+VH,ASCENDING,R,,https://datapool.asf.alaska.edu/SLC/SC/S1C_IW_SLC__1SDV_20250411T224914_20250411T224941_001852_0037BC_DA76.zip
13SER,13SER,Sentinel-1C,,2025-04-22T12:54:38.343828Z,2025-04-22T12:55:05.427838Z,2006,,2963,IW,VV+VH,DESCENDING,R,,https://datapool.asf.alaska.edu/SLC/SC/S1C_IW_SLC__1SDV_20250422T125438_20250422T125505_002006_004111_7AF2.zip
13SER,13SER,Sentinel-1C,,2025-04-22T12:54:13.516818Z,2025-04-22T12:54:40.604939Z,2006,,2933,IW,VV+VH,DESCENDING,R,,https://datapool.asf.alaska.edu/SLC/SC/S1C_IW_SLC__1SDV_20250422T125413_20250422T125440_002006_004111_6002.zip
13SER,13SER,Sentinel-1C,,2025-04-22T00:51:20.584295Z,2025-04-22T00:51:47.549083Z,1999,,662,IW,VV+VH,ASCENDING,R,,https://datapool.asf.alaska.edu/SLC/SC/S1C_IW_SLC__1SDV_20250422T005120_20250422T005147_001999_0040A5_396C.zip
13SER,13SER,Sentinel-1C,,2025-04-22T00:51:20.590467Z,2025-04-22T00:51:47.542922Z,1999,,662,IW,VV+VH,ASCENDING,R,,https://datapool.asf.alaska.edu/SLC/SC/S1C_IW_SLC__1SDV_20250422T005120_20250422T005147_001999_0040A5_492D.zip
13SER,13SER,Sentinel-1C,,2025-04-22T00:50:55.759342Z,2025-04-22T00:51:22.722074Z,1999,,632,IW,VV+VH,ASCENDING,R,,https://datapool.asf.alaska.edu/SLC/SC/S1C_IW_SLC__1SDV_20250422T005055_20250422T005122_001999_0040A5_667F.zip
13SER,13SER,Sentinel-1C,,2025-04-22T00:50:55.765514Z,2025-04-22T00:51:22.715913Z,1999,,632,IW,VV+VH,ASCENDING,R,,https://datapool.asf.alaska.edu/SLC/SC/S1C_IW_SLC__1SDV_20250422T005055_20250422T005122_001999_0040A5_A099.zip
13SER,13SER,Sentinel-1C,,2025-04-10T12:54:37.764648Z,2025-04-10T12:55:04.850713Z,1831,,2963,IW,VV+VH,DESCENDING,R,,https://datapool.asf.alaska.edu/SLC/SC/S1C_IW_SLC__1SDV_20250410T125437_20250410T125504_001831_003677_B6D0.zip
13SER,13SER,Sentinel-1C,,2025-04-10T12:54:12.939694Z,2025-04-10T12:54:40.027815Z,1831,,2933,IW,VV+VH,DESCENDING,R,,https://datapool.asf.alaska.edu/SLC/SC/S1C_IW_SLC__1SDV_20250410T125412_20250410T125440_001831_003677_F735.zip
20UPE,20UPE,Sentinel-1C,,2025-04-23T10:12:10.530580Z,2025-04-23T10:12:37.624868Z,2019,,2522,IW,HH+HV,DESCENDING,R,,https://datapool.asf.alaska.edu/SLC/SC/S1C_IW_SLC__1SDH_20250423T101210_20250423T101237_002019_0041D2_FBD2.zip
20UPE,20UPE,Sentinel-1C,,2025-04-23T10:11:45.707682Z,2025-04-23T10:12:12.801969Z,2019,,2493,IW,HH+HV,DESCENDING,R,,https://datapool.asf.alaska.edu/SLC/SC/S1C_IW_SLC__1SDH_20250423T101145_20250423T101212_002019_0041D2_761E.zip
20UPE,20UPE,Sentinel-1C,,2025-04-16T10:20:16.351939Z,2025-04-16T10:20:43.454448Z,1917,,2513,IW,HH+HV,DESCENDING,R,,https://datapool.asf.alaska.edu/SLC/SC/S1C_IW_SLC__1SDH_20250416T102016_20250416T102043_001917_003BB6_2EED.zip
20UPE,20UPE,Sentinel-1C,,2025-04-16T10:19:51.524929Z,2025-04-16T10:20:18.629495Z,1917,,2483,IW,HH+HV,DESCENDING,R,,https://datapool.asf.alaska.edu/SLC/SC/S1C_IW_SLC__1SDH_20250416T101951_20250416T102018_001917_003BB6_149D.zip
20UPE,20UPE,Sentinel-1C,,2025-04-11T10:12:09.951265Z,2025-04-11T10:12:37.051719Z,1844,,2522,IW,HH+HV,DESCENDING,R,,https://datapool.asf.alaska.edu/SLC/SC/S1C_IW_SLC__1SDH_20250411T101209_20250411T101237_001844_003731_77E7.zip
20UPE,20UPE,Sentinel-1C,,2025-04-11T10:11:45.126312Z,2025-04-11T10:12:12.224710Z,1844,,2492,IW,HH+HV,DESCENDING,R,,https://datapool.asf.alaska.edu/SLC/SC/S1C_IW_SLC__1SDH_20250411T101145_20250411T101212_001844_003731_3F24.zip
18NUL,18NUL,Sentinel-1C,,2025-04-19T23:21:19.541219Z,2025-04-19T23:21:46.473118Z,1969,,102,IW,VV+VH,ASCENDING,R,,https://datapool.asf.alaska.edu/SLC/SC/S1C_IW_SLC__1SDV_20250419T232119_20250419T232146_001969_003EE7_69BA.zip
18NUL,18NUL,Sentinel-1C,,2025-04-19T23:20:51.016264Z,2025-04-19T23:21:21.650220Z,1969,,70,IW,VV+VH,ASCENDING,R,,https://datapool.asf.alaska.edu/SLC/SC/S1C_IW_SLC__1SDV_20250419T232051_20250419T232121_001969_003EE7_17BD.zip
18NUL,18NUL,Sentinel-1C,,2025-04-14T10:50:15.376632Z,2025-04-14T10:50:42.314697Z,1888,,3490,IW,VV+VH,DESCENDING,R,,https://datapool.asf.alaska.edu/SLC/SC/S1C_IW_SLC__1SDV_20250414T105015_20250414T105042_001888_003A08_9659.zip
18NUL,18NUL,Sentinel-1C,,2025-04-14T10:49:50.551678Z,2025-04-14T10:50:17.489744Z,1888,,3460,IW,VV+VH,DESCENDING,R,,https://datapool.asf.alaska.edu/SLC/SC/S1C_IW_SLC__1SDV_20250414T104950_20250414T105017_001888_003A08_A6AE.zip
19MBR,19MBR,Sentinel-1C,,2025-04-23T10:27:37.309863Z,2025-04-23T10:28:01.610650Z,2019,,3638,IW,VV+VH,DESCENDING,R,,https://datapool.asf.alaska.edu/SLC/SC/S1C_IW_SLC__1SDV_20250423T102737_20250423T102801_002019_0041D8_F03E.zip
19MBR,19MBR,Sentinel-1C,,2025-04-21T23:02:43.671041Z,2025-04-21T23:03:11.583440Z,1997,,7131,IW,VV+VH,ASCENDING,R,,https://datapool.asf.alaska.edu/SLC/SC/S1C_IW_SLC__1SDV_20250421T230243_20250421T230311_001997_004091_9159.zip
19MBR,19MBR,Sentinel-1C,,2025-04-21T23:02:18.846088Z,2025-04-21T23:02:45.794431Z,1997,,7101,IW,VV+VH,ASCENDING,R,,https://datapool.asf.alaska.edu/SLC/SC/S1C_IW_SLC__1SDV_20250421T230218_20250421T230245_001997_004091_CAF9.zip
19MBR,19MBR,Sentinel-1C,,2025-04-16T22:53:51.752728Z,2025-04-16T22:54:43.075095Z,1924,,7082,EW,HH+HV,ASCENDING,R,,https://datapool.asf.alaska.edu/SLC/SC/S1C_EW_SLC__1SDH_20250416T225351_20250416T225443_001924_003C33_833A.zip
19MBR,19MBR,Sentinel-1C,,2025-04-11T10:27:36.720413Z,2025-04-11T10:28:01.023255Z,1844,,3638,IW,VV+VH,DESCENDING,R,,https://datapool.asf.alaska.edu/SLC/SC/S1C_IW_SLC__1SDV_20250411T102736_20250411T102801_001844_003737_4C17.zip
19MBR,19MBR,Sentinel-1C,,2025-04-09T23:02:36.570385Z,2025-04-09T23:03:03.502284Z,1822,,7123,IW,VV+VH,ASCENDING,R,,https://datapool.asf.alaska.edu/SLC/SC/S1C_IW_SLC__1SDV_20250409T230236_20250409T230303_001822_0035E2_F6F2.zip
19MBR,19MBR,Sentinel-1C,,2025-04-09T23:02:08.041319Z,2025-04-09T23:02:38.677330Z,1822,,7088,IW,VV+VH,ASCENDING,R,,https://datapool.asf.alaska.edu/SLC/SC/S1C_IW_SLC__1SDV_20250409T230208_20250409T230238_001822_0035E2_CF78.zip
33LXE,33LXE,Sentinel-1C,,2025-04-20T17:22:20.508309Z,2025-04-20T17:22:47.446375Z,1979,,6912,IW,VV+VH,ASCENDING,R,,https://datapool.asf.alaska.edu/SLC/SC/S1C_IW_SLC__1SDV_20250420T172220_20250420T172247_001979_003F75_FE4B.zip
33LXE,33LXE,Sentinel-1C,,2025-04-20T17:21:55.685412Z,2025-04-20T17:22:22.623477Z,1979,,6883,IW,VV+VH,ASCENDING,R,,https://datapool.asf.alaska.edu/SLC/SC/S1C_IW_SLC__1SDV_20250420T172155_20250420T172222_001979_003F75_9063.zip
33LXE,33LXE,Sentinel-1C,,2025-04-15T17:14:03.554697Z,2025-04-15T17:14:31.456818Z,1906,,6909,IW,VV+VH,ASCENDING,R,,https://datapool.asf.alaska.edu/SLC/SC/S1C_IW_SLC__1SDV_20250415T171403_20250415T171431_001906_003B2C_8364.zip
37VEK,37VEK,Sentinel-1C,,2025-04-23T03:34:43.501477Z,2025-04-23T03:35:11.444710Z,2015,,2345,IW,VV+VH,DESCENDING,R,,https://datapool.asf.alaska.edu/SLC/SC/S1C_IW_SLC__1SDV_20250423T033443_20250423T033511_002015_004198_53C6.zip
37VEK,37VEK,Sentinel-1C,,2025-04-23T03:34:18.674468Z,2025-04-23T03:34:45.647478Z,2015,,2316,IW,VV+VH,DESCENDING,R,,https://datapool.asf.alaska.edu/SLC/SC/S1C_IW_SLC__1SDV_20250423T033418_20250423T033445_002015_004198_2F5F.zip
37VEK,37VEK,Sentinel-1C,,2025-04-21T15:07:22.387921Z,2025-04-21T15:07:49.350653Z,1993,,1271,IW,VV+VH,ASCENDING,R,,https://datapool.asf.alaska.edu/SLC/SC/S1C_IW_SLC__1SDV_20250421T150722_20250421T150749_001993_004047_525C.zip
37VEK,37VEK,Sentinel-1C,,2025-04-21T15:06:53.852688Z,2025-04-21T15:07:24.525699Z,1993,,1240,IW,VV+VH,ASCENDING,R,,https://datapool.asf.alaska.edu/SLC/SC/S1C_IW_SLC__1SDV_20250421T150653_20250421T150724_001993_004047_842B.zip
37VEK,37VEK,Sentinel-1C,,2025-04-21T03:50:53.321560Z,2025-04-21T03:51:23.990460Z,1986,,2324,IW,VV+VH,DESCENDING,R,,https://datapool.asf.alaska.edu/SLC/SC/S1C_IW_SLC__1SDV_20250421T035053_20250421T035123_001986_003FD1_1B23.zip
37VEK,37VEK,Sentinel-1C,,2025-04-14T03:59:05.462579Z,2025-04-14T03:59:33.397589Z,1884,,2323,IW,VV+VH,DESCENDING,R,,https://datapool.asf.alaska.edu/SLC/SC/S1C_IW_SLC__1SDV_20250414T035905_20250414T035933_001884_0039C3_92CD.zip
37VEK,37VEK,Sentinel-1C,,2025-04-11T03:34:42.974005Z,2025-04-11T03:35:10.917238Z,1840,,2345,IW,VV+VH,DESCENDING,R,,https://datapool.asf.alaska.edu/SLC/SC/S1C_IW_SLC__1SDV_20250411T033442_20250411T033510_001840_0036F0_9E76.zip
37VEK,37VEK,Sentinel-1C,,2025-04-11T03:34:18.153163Z,2025-04-11T03:34:45.120006Z,1840,,2316,IW,VV+VH,DESCENDING,R,,https://datapool.asf.alaska.edu/SLC/SC/S1C_IW_SLC__1SDV_20250411T033418_20250411T033445_001840_0036F0_FE7B.zip
37VEK,37VEK,Sentinel-1C,,2025-04-09T15:07:21.730959Z,2025-04-09T15:07:48.695747Z,1818,,1271,IW,VV+VH,ASCENDING,R,,https://datapool.asf.alaska.edu/SLC/SC/S1C_IW_SLC__1SDV_20250409T150721_20250409T150748_001818_003594_D2FC.zip
37VEK,37VEK,Sentinel-1C,,2025-04-09T15:06:53.197782Z,2025-04-09T15:07:23.868738Z,1818,,1240,IW,VV+VH,ASCENDING,R,,https://datapool.asf.alaska.edu/SLC/SC/S1C_IW_SLC__1SDV_20250409T150653_20250409T150723_001818_003594_1C0B.zip
44WME,44WME,Sentinel-1C,,2025-04-20T01:28:24.401952Z,2025-04-20T01:28:49.592794Z,1970,,2140,IW,VV+VH,DESCENDING,R,,https://datapool.asf.alaska.edu/SLC/SC/S1C_IW_SLC__1SDV_20250420T012824_20250420T012849_001970_003EF8_5059.zip
44WME,44WME,Sentinel-1C,,2025-04-17T01:04:15.557731Z,2025-04-17T01:04:37.987962Z,1926,,2179,IW,VV+VH,DESCENDING,R,,https://datapool.asf.alaska.edu/SLC/SC/S1C_IW_SLC__1SDV_20250417T010415_20250417T010437_001926_003C46_D8B6.zip
44WME,44WME,Sentinel-1C,,2025-04-17T01:03:50.730722Z,2025-04-17T01:04:17.709899Z,1926,,2149,IW,VV+VH,DESCENDING,R,,https://datapool.asf.alaska.edu/SLC/SC/S1C_IW_SLC__1SDV_20250417T010350_20250417T010417_001926_003C46_C328.zip
30TVM,30TVM,Sentinel-1C,,2025-04-23T18:02:38.072278Z,2025-04-23T18:03:05.035010Z,2024,,858,IW,VV+VH,ASCENDING,R,,https://datapool.asf.alaska.edu/SLC/SC/S1C_IW_SLC__1SDV_20250423T180238_20250423T180305_002024_004219_11F5.zip
30TVM,30TVM,Sentinel-1C,,2025-04-23T18:02:12.287379Z,2025-04-23T18:02:40.220334Z,2024,,828,IW,VV+VH,ASCENDING,R,,https://datapool.asf.alaska.edu/SLC/SC/S1C_IW_SLC__1SDV_20250423T180212_20250423T180240_002024_004219_BDEE.zip
30TVM,30TVM,Sentinel-1C,,2025-04-22T06:16:53.716663Z,2025-04-22T06:17:24.371174Z,2002,,2763,IW,VV+VH,DESCENDING,R,,https://datapool.asf.alaska.edu/SLC/SC/S1C_IW_SLC__1SDV_20250422T061653_20250422T061724_002002_0040D5_6C15.zip
30TVM,30TVM,Sentinel-1C,,2025-04-16T18:10:08.138229Z,2025-04-16T18:10:42.542075Z,1922,,811,IW,HH+HV,ASCENDING,R,,https://datapool.asf.alaska.edu/SLC/SC/S1C_IW_SLC__1SDH_20250416T181008_20250416T181042_001922_003C02_4FD5.zip
30TVM,30TVM,Sentinel-1C,,2025-04-11T18:02:38.264423Z,2025-04-11T18:03:19.141216Z,1849,,867,IW,VV+VH,ASCENDING,R,,https://datapool.asf.alaska.edu/SLC/SC/S1C_IW_SLC__1SDV_20250411T180238_20250411T180319_001849_00377E_0066.zip
30TVM,30TVM,Sentinel-1C,,2025-04-11T18:01:57.840739Z,2025-04-11T18:02:32.244585Z,1849,,815,IW,HH+HV,ASCENDING,R,,https://datapool.asf.alaska.edu/SLC/SC/S1C_IW_SLC__1SDH_20250411T180157_20250411T180232_001849_00377D_1112.zip
30TVM,30TVM,Sentinel-1C,,2025-04-10T06:16:53.112326Z,2025-04-10T06:17:23.766837Z,1827,,2763,IW,HH+HV,DESCENDING,R,,https://datapool.asf.alaska.edu/SLC/SC/S1C_IW_SLC__1SDH_20250410T061653_20250410T061723_001827_003633_CE7F.zip
30TVM,30TVM,Sentinel-1C,,2025-04-10T06:16:12.676473Z,2025-04-10T06:16:44.336151Z,1827,,2714,IW,VV+VH,DESCENDING,R,,https://datapool.asf.alaska.edu/SLC/SC/S1C_IW_SLC__1SDV_20250410T061612_20250410T061644_001827_003632_5B38.zip
37MBN,37MBN,Sentinel-1C,,2025-04-17T03:04:44.115333Z,2025-04-17T03:05:11.055454Z,1927,,3744,IW,VV+VH,DESCENDING,R,,https://datapool.asf.alaska.edu/SLC/SC/S1C_IW_SLC__1SDV_20250417T030444_20250417T030511_001927_003C5E_E342.zip
37MBN,37MBN,Sentinel-1C,,2025-04-17T03:04:19.296547Z,2025-04-17T03:04:46.228445Z,1927,,3714,IW,VV+VH,DESCENDING,R,,https://datapool.asf.alaska.edu/SLC/SC/S1C_IW_SLC__1SDV_20250417T030419_20250417T030446_001927_003C5E_93D4.zip
37MBN,37MBN,Sentinel-1C,,2025-04-10T03:12:55.496379Z,2025-04-10T03:13:22.432389Z,1825,,3741,IW,VV+VH,DESCENDING,R,,https://datapool.asf.alaska.edu/SLC/SC/S1C_IW_SLC__1SDV_20250410T031255_20250410T031322_001825_00360F_FD9B.zip
37MBN,37MBN,Sentinel-1C,,2025-04-10T03:12:30.673482Z,2025-04-10T03:12:57.607436Z,1825,,3711,IW,VV+VH,DESCENDING,R,,https://datapool.asf.alaska.edu/SLC/SC/S1C_IW_SLC__1SDV_20250410T031230_20250410T031257_001825_00360F_91C4.zip
14SMF,14SMF,Sentinel-1C,,2025-04-12T00:36:08.124732Z,2025-04-12T00:36:35.095686Z,1853,,753,IW,VV+VH,ASCENDING,R,,https://datapool.asf.alaska.edu/SLC/SC/S1C_IW_SLC__1SDV_20250412T003608_20250412T003635_001853_0037CE_0A74.zip
14SMF,14SMF,Sentinel-1C,,2025-04-12T00:35:42.341889Z,2025-04-12T00:36:10.268677Z,1853,,723,IW,VV+VH,ASCENDING,R,,https://datapool.asf.alaska.edu/SLC/SC/S1C_IW_SLC__1SDV_20250412T003542_20250412T003610_001853_0037CE_E11A.zip
10TES,10TES,Sentinel-1C,,2025-04-21T01:52:42.775526Z,2025-04-21T01:53:10.704370Z,1985,,934,IW,VV+VH,ASCENDING,R,,https://datapool.asf.alaska.edu/SLC/SC/S1C_IW_SLC__1SDV_20250421T015242_20250421T015310_001985_003FBD_E9F7.zip
14SMJ,14SMJ,Sentinel-1C,,2025-04-12T00:36:32.947630Z,2025-04-12T00:36:59.920640Z,1853,,783,IW,VV+VH,ASCENDING,R,,https://datapool.asf.alaska.edu/SLC/SC/S1C_IW_SLC__1SDV_20250412T003632_20250412T003659_001853_0037CE_673A.zip
20LKH,20LKH,Sentinel-1C,,2025-04-22T09:50:04.647846Z,2025-04-22T09:50:33.520190Z,2004,,3899,IW,VV+VH,DESCENDING,R,,https://datapool.asf.alaska.edu/SLC/SC/S1C_IW_SLC__1SDV_20250422T095004_20250422T095033_002004_0040FA_9751.zip
20LKH,20LKH,Sentinel-1C,,2025-04-16T22:51:07.517445Z,2025-04-16T22:51:34.465788Z,1924,,6887,IW,VV+VH,ASCENDING,R,,https://datapool.asf.alaska.edu/SLC/SC/S1C_IW_SLC__1SDV_20250416T225107_20250416T225134_001924_003C32_37C7.zip
20LKH,20LKH,Sentinel-1C,,2025-04-16T22:50:42.692491Z,2025-04-16T22:51:09.642889Z,1924,,6857,IW,VV+VH,ASCENDING,R,,https://datapool.asf.alaska.edu/SLC/SC/S1C_IW_SLC__1SDV_20250416T225042_20250416T225109_001924_003C32_2E92.zip
20LKH,20LKH,Sentinel-1C,,2025-04-15T09:58:21.393557Z,2025-04-15T09:58:48.339844Z,1902,,3903,IW,VV+VH,DESCENDING,R,,https://datapool.asf.alaska.edu/SLC/SC/S1C_IW_SLC__1SDV_20250415T095821_20250415T095848_001902_003AEB_EE5F.zip
20LKH,20LKH,Sentinel-1C,,2025-04-15T09:57:56.568603Z,2025-04-15T09:58:23.514890Z,1902,,3873,IW,VV+VH,DESCENDING,R,,https://datapool.asf.alaska.edu/SLC/SC/S1C_IW_SLC__1SDV_20250415T095756_20250415T095823_001902_003AEB_EF9A.zip
20LKH,20LKH,Sentinel-1C,,2025-04-10T09:50:29.834263Z,2025-04-10T09:50:56.792884Z,1829,,3929,IW,VV+VH,DESCENDING,R,,https://datapool.asf.alaska.edu/SLC/SC/S1C_IW_SLC__1SDV_20250410T095029_20250410T095056_001829_00365E_9320.zip
20LKH,20LKH,Sentinel-1C,,2025-04-10T09:50:04.049364Z,2025-04-10T09:50:31.969985Z,1829,,3898,IW,VV+VH,DESCENDING,R,,https://datapool.asf.alaska.edu/SLC/SC/S1C_IW_SLC__1SDV_20250410T095004_20250410T095031_001829_00365E_35DB.zip
20LQK,20LQK,Sentinel-1C,,2025-04-17T09:41:38.924588Z,2025-04-17T09:42:05.868820Z,1931,,3884,IW,VV+VH,DESCENDING,R,,https://datapool.asf.alaska.edu/SLC/SC/S1C_IW_SLC__1SDV_20250417T094138_20250417T094205_001931_003CA3_18A2.zip
20LQK,20LQK,Sentinel-1C,,2025-04-17T09:41:14.099636Z,2025-04-17T09:41:41.045923Z,1931,,3854,IW,VV+VH,DESCENDING,R,,https://datapool.asf.alaska.edu/SLC/SC/S1C_IW_SLC__1SDV_20250417T094114_20250417T094141_001931_003CA3_5F7A.zip
20LQK,20LQK,Sentinel-1C,,2025-04-12T09:33:20.303175Z,2025-04-12T09:33:47.255629Z,1858,,3879,IW,VV+VH,DESCENDING,R,,https://datapool.asf.alaska.edu/SLC/SC/S1C_IW_SLC__1SDV_20250412T093320_20250412T093347_001858_003827_E8B1.zip
20LQK,20LQK,Sentinel-1C,,2025-04-12T09:32:55.478221Z,2025-04-12T09:33:22.428620Z,1858,,3849,IW,VV+VH,DESCENDING,R,,https://datapool.asf.alaska.edu/SLC/SC/S1C_IW_SLC__1SDV_20250412T093255_20250412T093322_001858_003827_70CB.zip
15QZC,15QZC,Sentinel-1C,,2025-04-21T00:06:44.896637Z,2025-04-21T00:07:08.247757Z,1984,,410,IW,VV+VH,ASCENDING,R,,https://datapool.asf.alaska.edu/SLC/SC/S1C_IW_SLC__1SDV_20250421T000644_20250421T000708_001984_003FAE_89A7.zip
15QZC,15QZC,Sentinel-1C,,2025-04-21T00:06:20.073739Z,2025-04-21T00:06:47.009749Z,1984,,382,IW,VV+VH,ASCENDING,R,,https://datapool.asf.alaska.edu/SLC/SC/S1C_IW_SLC__1SDV_20250421T000620_20250421T000647_001984_003FAE_4261.zip
15QZC,15QZC,Sentinel-1C,,2025-04-18T11:52:01.752875Z,2025-04-18T11:52:28.690941Z,1947,,3196,IW,VV+VH,DESCENDING,R,,https://datapool.asf.alaska.edu/SLC/SC/S1C_IW_SLC__1SDV_20250418T115201_20250418T115228_001947_003D99_159B.zip
15QZC,15QZC,Sentinel-1C,,2025-04-18T11:51:33.215587Z,2025-04-18T11:52:03.865987Z,1947,,3161,IW,VV+VH,DESCENDING,R,,https://datapool.asf.alaska.edu/SLC/SC/S1C_IW_SLC__1SDV_20250418T115133_20250418T115203_001947_003D99_4FCC.zip
21KTU,21KTU,Sentinel-1C,,2025-04-19T09:26:29.194034Z,2025-04-19T09:26:56.138266Z,1960,,3977,IW,VV+VH,DESCENDING,R,,https://datapool.asf.alaska.edu/SLC/SC/S1C_IW_SLC__1SDV_20250419T092629_20250419T092656_001960_003E62_833C.zip
21KTU,21KTU,Sentinel-1C,,2025-04-19T09:26:04.369080Z,2025-04-19T09:26:31.315368Z,1960,,3948,IW,VV+VH,DESCENDING,R,,https://datapool.asf.alaska.edu/SLC/SC/S1C_IW_SLC__1SDV_20250419T092604_20250419T092631_001960_003E62_6074.zip
21KTQ,21KTQ,Sentinel-1C,,2025-04-19T09:27:18.841885Z,2025-04-19T09:27:46.754284Z,1960,,4037,IW,VV+VH,DESCENDING,R,,https://datapool.asf.alaska.edu/SLC/SC/S1C_IW_SLC__1SDV_20250419T092718_20250419T092746_001960_003E62_CB6A.zip
36VVM,36VVM,Sentinel-1C,,2025-04-19T15:23:08.155562Z,2025-04-19T15:23:35.124461Z,1964,,1222,IW,VV+VH,ASCENDING,R,,https://datapool.asf.alaska.edu/SLC/SC/S1C_IW_SLC__1SDV_20250419T152308_20250419T152335_001964_003E9A_2C05.zip
36VVM,36VVM,Sentinel-1C,,2025-04-19T15:22:42.382997Z,2025-04-19T15:23:10.293340Z,1964,,1192,IW,VV+VH,ASCENDING,R,,https://datapool.asf.alaska.edu/SLC/SC/S1C_IW_SLC__1SDV_20250419T152242_20250419T152310_001964_003E9A_15C7.zip
36VVM,36VVM,Sentinel-1C,,2025-04-19T04:08:23.001245Z,2025-04-19T04:08:49.980421Z,1957,,2398,IW,VV+VH,DESCENDING,R,,https://datapool.asf.alaska.edu/SLC/SC/S1C_IW_SLC__1SDV_20250419T040823_20250419T040849_001957_003E30_2C04.zip
36VVM,36VVM,Sentinel-1C,,2025-04-19T04:07:58.170125Z,2025-04-19T04:08:25.157523Z,1957,,2369,IW,VV+VH,DESCENDING,R,,https://datapool.asf.alaska.edu/SLC/SC/S1C_IW_SLC__1SDV_20250419T040758_20250419T040825_001957_003E30_C1D3.zip
36VVM,36VVM,Sentinel-1C,,2025-04-17T15:39:29.624416Z,2025-04-17T15:39:56.578926Z,1935,,1215,IW,VV+VH,ASCENDING,R,,https://datapool.asf.alaska.edu/SLC/SC/S1C_IW_SLC__1SDV_20250417T153929_20250417T153956_001935_003CD5_CCBD.zip
36VVM,36VVM,Sentinel-1C,,2025-04-17T15:39:04.795351Z,2025-04-17T15:39:31.762195Z,1935,,1185,IW,VV+VH,ASCENDING,R,,https://datapool.asf.alaska.edu/SLC/SC/S1C_IW_SLC__1SDV_20250417T153904_20250417T153931_001935_003CD5_DBAA.zip
36VVM,36VVM,Sentinel-1C,,2025-04-17T04:24:33.413246Z,2025-04-17T04:25:00.398589Z,1928,,2378,IW,VV+VH,DESCENDING,R,,https://datapool.asf.alaska.edu/SLC/SC/S1C_IW_SLC__1SDV_20250417T042433_20250417T042500_001928_003C68_C574.zip
36VVM,36VVM,Sentinel-1C,,2025-04-14T03:59:56.068320Z,2025-04-14T04:00:24.017719Z,1884,,2383,IW,VV+VH,DESCENDING,R,,https://datapool.asf.alaska.edu/SLC/SC/S1C_IW_SLC__1SDV_20250414T035956_20250414T040024_001884_0039C3_D5F6.zip
36VVM,36VVM,Sentinel-1C,,2025-04-12T15:31:11.003614Z,2025-04-12T15:31:37.962235Z,1862,,1209,IW,VV+VH,ASCENDING,R,,https://datapool.asf.alaska.edu/SLC/SC/S1C_IW_SLC__1SDV_20250412T153111_20250412T153137_001862_00385D_AD95.zip
36VVM,36VVM,Sentinel-1C,,2025-04-12T15:30:46.178660Z,2025-04-12T15:31:13.141392Z,1862,,1180,IW,VV+VH,ASCENDING,R,,https://datapool.asf.alaska.edu/SLC/SC/S1C_IW_SLC__1SDV_20250412T153046_20250412T153113_001862_00385D_BEFE.zip
36VVM,36VVM,Sentinel-1C,,2025-04-12T04:16:28.584380Z,2025-04-12T04:16:55.567667Z,1855,,2389,IW,VV+VH,DESCENDING,R,,https://datapool.asf.alaska.edu/SLC/SC/S1C_IW_SLC__1SDV_20250412T041628_20250412T041655_001855_0037EF_C4E7.zip
36VVM,36VVM,Sentinel-1C,,2025-04-12T04:16:03.755315Z,2025-04-12T04:16:30.746824Z,1855,,2360,IW,VV+VH,DESCENDING,R,,https://datapool.asf.alaska.edu/SLC/SC/S1C_IW_SLC__1SDV_20250412T041603_20250412T041630_001855_0037EF_06E8.zip
37VCG,37VCG,Sentinel-1C,,2025-04-21T03:51:51.248921Z,2025-04-21T03:52:21.903432Z,1986,,2393,IW,VV+VH,DESCENDING,R,,https://datapool.asf.alaska.edu/SLC/SC/S1C_IW_SLC__1SDV_20250421T035151_20250421T035221_001986_003FD2_A05C.zip
37VCG,37VCG,Sentinel-1C,,2025-04-19T15:22:42.382997Z,2025-04-19T15:23:10.293340Z,1964,,1192,IW,VV+VH,ASCENDING,R,,https://datapool.asf.alaska.edu/SLC/SC/S1C_IW_SLC__1SDV_20250419T152242_20250419T152310_001964_003E9A_15C7.zip
37VCG,37VCG,Sentinel-1C,,2025-04-19T04:08:23.001245Z,2025-04-19T04:08:49.980421Z,1957,,2398,IW,VV+VH,DESCENDING,R,,https://datapool.asf.alaska.edu/SLC/SC/S1C_IW_SLC__1SDV_20250419T040823_20250419T040849_001957_003E30_2C04.zip
37VCG,37VCG,Sentinel-1C,,2025-04-19T04:07:58.170125Z,2025-04-19T04:08:25.157523Z,1957,,2369,IW,VV+VH,DESCENDING,R,,https://datapool.asf.alaska.edu/SLC/SC/S1C_IW_SLC__1SDV_20250419T040758_20250419T040825_001957_003E30_C1D3.zip
37VCG,37VCG,Sentinel-1C,,2025-04-14T15:14:51.274549Z,2025-04-14T15:15:21.947560Z,1891,,1221,IW,VV+VH,ASCENDING,R,,https://datapool.asf.alaska.edu/SLC/SC/S1C_IW_SLC__1SDV_20250414T151451_20250414T151521_001891_003A38_9A18.zip
37VCG,37VCG,Sentinel-1C,,2025-04-14T03:59:56.068320Z,2025-04-14T04:00:24.017719Z,1884,,2383,IW,VV+VH,DESCENDING,R,,https://datapool.asf.alaska.edu/SLC/SC/S1C_IW_SLC__1SDV_20250414T035956_20250414T040024_001884_0039C3_D5F6.zip
12TVM,12TVM,Sentinel-1C,,2025-04-18T01:26:42.782918Z,2025-04-18T01:27:09.868983Z,1941,,839,IW,VV+VH,ASCENDING,R,,https://datapool.asf.alaska.edu/SLC/SC/S1C_IW_SLC__1SDV_20250418T012642_20250418T012709_001941_003D33_CE35.zip
12TVM,12TVM,Sentinel-1C,,2025-04-13T01:18:51.745060Z,2025-04-13T01:19:18.827014Z,1868,,867,IW,VV+VH,ASCENDING,R,,https://datapool.asf.alaska.edu/SLC/SC/S1C_IW_SLC__1SDV_20250413T011851_20250413T011918_001868_0038CB_B706.zip
12TVM,12TVM,Sentinel-1C,,2025-04-13T01:18:26.920106Z,2025-04-13T01:18:54.002060Z,1868,,837,IW,VV+VH,ASCENDING,R,,https://datapool.asf.alaska.edu/SLC/SC/S1C_IW_SLC__1SDV_20250413T011826_20250413T011854_001868_0038CB_A286.zip
34LCK,34LCK,Sentinel-1C,,2025-04-22T17:05:50.520748Z,2025-04-22T17:06:17.462924Z,2008,,6909,IW,VV+VH,ASCENDING,R,,https://datapool.asf.alaska.edu/SLC/SC/S1C_IW_SLC__1SDV_20250422T170550_20250422T170617_002008_004137_7845.zip
34LCK,34LCK,Sentinel-1C,,2025-04-22T17:05:25.697851Z,2025-04-22T17:05:52.637971Z,2008,,6880,IW,VV+VH,ASCENDING,R,,https://datapool.asf.alaska.edu/SLC/SC/S1C_IW_SLC__1SDV_20250422T170525_20250422T170552_002008_004137_A1A2.zip
34LCK,34LCK,Sentinel-1C,,2025-04-15T17:14:03.554697Z,2025-04-15T17:14:31.456818Z,1906,,6909,IW,VV+VH,ASCENDING,R,,https://datapool.asf.alaska.edu/SLC/SC/S1C_IW_SLC__1SDV_20250415T171403_20250415T171431_001906_003B2C_8364.zip
34LCK,34LCK,Sentinel-1C,,2025-04-15T17:13:38.727688Z,2025-04-15T17:14:05.805531Z,1906,,6879,IW,VV+VH,ASCENDING,R,,https://datapool.asf.alaska.edu/SLC/SC/S1C_IW_SLC__1SDV_20250415T171338_20250415T171405_001906_003B2C_E0E0.zip
34LCK,34LCK,Sentinel-1C,,2025-04-10T17:05:49.951775Z,2025-04-10T17:06:16.891896Z,1833,,6909,IW,VV+VH,ASCENDING,R,,https://datapool.asf.alaska.edu/SLC/SC/S1C_IW_SLC__1SDV_20250410T170549_20250410T170616_001833_0036A1_9D4D.zip
34LCK,34LCK,Sentinel-1C,,2025-04-10T17:05:25.126822Z,2025-04-10T17:05:52.068998Z,1833,,6880,IW,VV+VH,ASCENDING,R,,https://datapool.asf.alaska.edu/SLC/SC/S1C_IW_SLC__1SDV_20250410T170525_20250410T170552_001833_0036A1_4C96.zip
18MUU,18MUU,Sentinel-1C,,2025-04-21T10:45:06.218351Z,2025-04-21T10:45:33.154361Z,1990,,3712,IW,VV+VH,DESCENDING,R,,https://datapool.asf.alaska.edu/SLC/SC/S1C_IW_SLC__1SDV_20250421T104506_20250421T104533_001990_00401C_3AD2.zip
18MUU,18MUU,Sentinel-1C,,2025-04-21T10:44:41.393397Z,2025-04-21T10:45:08.329407Z,1990,,3682,IW,VV+VH,DESCENDING,R,,https://datapool.asf.alaska.edu/SLC/SC/S1C_IW_SLC__1SDV_20250421T104441_20250421T104508_001990_00401C_5406.zip
18MUU,18MUU,Sentinel-1C,,2025-04-12T23:26:40.611566Z,2025-04-12T23:27:07.553742Z,1866,,7078,IW,VV+VH,ASCENDING,R,,https://datapool.asf.alaska.edu/SLC/SC/S1C_IW_SLC__1SDV_20250412T232640_20250412T232707_001866_0038BA_AFBF.zip
18MUU,18MUU,Sentinel-1C,,2025-04-12T23:26:14.824612Z,2025-04-12T23:26:42.728789Z,1866,,7047,IW,VV+VH,ASCENDING,R,,https://datapool.asf.alaska.edu/SLC/SC/S1C_IW_SLC__1SDV_20250412T232614_20250412T232642_001866_0038BA_0CAF.zip
47QKU,47QKU,Sentinel-1C,,2025-04-21T11:37:11.407071Z,2025-04-21T11:37:38.345136Z,1991,,357,IW,VV+VH,ASCENDING,R,,https://datapool.asf.alaska.edu/SLC/SC/S1C_IW_SLC__1SDV_20250421T113711_20250421T113738_001991_004026_43A3.zip
47QKU,47QKU,Sentinel-1C,,2025-04-21T11:36:42.875950Z,2025-04-21T11:37:13.522239Z,1991,,325,IW,VV+VH,ASCENDING,R,,https://datapool.asf.alaska.edu/SLC/SC/S1C_IW_SLC__1SDV_20250421T113642_20250421T113713_001991_004026_30A7.zip
47QKU,47QKU,Sentinel-1C,,2025-04-18T23:24:19.547019Z,2025-04-18T23:24:44.717306Z,1954,,3275,IW,VV+VH,DESCENDING,R,,https://datapool.asf.alaska.edu/SLC/SC/S1C_IW_SLC__1SDV_20250418T232419_20250418T232444_001954_003E03_9376.zip
47QKU,47QKU,Sentinel-1C,,2025-04-18T23:23:53.760065Z,2025-04-18T23:24:21.678631Z,1954,,3244,IW,VV+VH,DESCENDING,R,,https://datapool.asf.alaska.edu/SLC/SC/S1C_IW_SLC__1SDV_20250418T232353_20250418T232421_001954_003E03_6681.zip
47QKU,47QKU,Sentinel-1C,,2025-04-14T11:45:11.590072Z,2025-04-14T11:45:38.515804Z,1889,,341,IW,VV+VH,ASCENDING,R,,https://datapool.asf.alaska.edu/SLC/SC/S1C_IW_SLC__1SDV_20250414T114511_20250414T114538_001889_003A15_8CB2.zip
47QKU,47QKU,Sentinel-1C,,2025-04-14T11:44:43.054840Z,2025-04-14T11:45:13.692907Z,1889,,309,IW,VV+VH,ASCENDING,R,,https://datapool.asf.alaska.edu/SLC/SC/S1C_IW_SLC__1SDV_20250414T114443_20250414T114513_001889_003A15_6679.zip
40WFC,40WFC,Sentinel-1C,,2025-04-19T02:26:39.764970Z,2025-04-19T02:27:10.444148Z,1956,,2187,IW,VV+VH,DESCENDING,R,,https://datapool.asf.alaska.edu/SLC/SC/S1C_IW_SLC__1SDV_20250419T022639_20250419T022710_001956_003E21_FCBB.zip
40WFC,40WFC,Sentinel-1C,,2025-04-17T02:43:26.049664Z,2025-04-17T02:43:56.720620Z,1927,,2209,IW,VV+VH,DESCENDING,R,,https://datapool.asf.alaska.edu/SLC/SC/S1C_IW_SLC__1SDV_20250417T024326_20250417T024356_001927_003C57_F976.zip
34MFC,34MFC,Sentinel-1C,,2025-04-14T04:16:47.436362Z,2025-04-14T04:17:21.823763Z,1884,,3599,IW,HH+HV,DESCENDING,R,,https://datapool.asf.alaska.edu/SLC/SC/S1C_IW_SLC__1SDH_20250414T041647_20250414T041721_001884_0039C6_AD3E.zip
34MFC,34MFC,Sentinel-1C,,2025-04-12T16:52:48.753995Z,2025-04-12T16:53:19.392062Z,1862,,7158,IW,VV+VH,ASCENDING,R,,https://datapool.asf.alaska.edu/SLC/SC/S1C_IW_SLC__1SDV_20250412T165248_20250412T165319_001862_003869_CF85.zip
53WMQ,53WMQ,Sentinel-1C,,2025-04-18T21:31:11.456080Z,2025-04-18T21:31:25.612696Z,1953,,2240,IW,VV+VH,DESCENDING,R,,https://datapool.asf.alaska.edu/SLC/SC/S1C_IW_SLC__1SDV_20250418T213111_20250418T213125_001953_003DF0_BD65.zip
53WMQ,53WMQ,Sentinel-1C,,2025-04-16T21:47:48.483945Z,2025-04-16T21:48:17.391233Z,1924,,2252,IW,VV+VH,DESCENDING,R,,https://datapool.asf.alaska.edu/SLC/SC/S1C_IW_SLC__1SDV_20250416T214748_20250416T214817_001924_003C29_7C8D.zip
53WMQ,53WMQ,Sentinel-1C,,2025-04-16T21:47:23.658992Z,2025-04-16T21:47:50.623780Z,1924,,2222,IW,VV+VH,DESCENDING,R,,https://datapool.asf.alaska.edu/SLC/SC/S1C_IW_SLC__1SDV_20250416T214723_20250416T214750_001924_003C29_4DA1.zip
51PVM,51PVM,Sentinel-1C,,2025-04-21T09:56:30.752589Z,2025-04-21T09:56:57.676266Z,1990,,217,IW,VV+VH,ASCENDING,R,,https://datapool.asf.alaska.edu/SLC/SC/S1C_IW_SLC__1SDV_20250421T095630_20250421T095657_001990_004012_C0A1.zip
51PVM,51PVM,Sentinel-1C,,2025-04-21T09:56:05.927636Z,2025-04-21T09:56:32.861590Z,1990,,187,IW,VV+VH,ASCENDING,R,,https://datapool.asf.alaska.edu/SLC/SC/S1C_IW_SLC__1SDV_20250421T095605_20250421T095632_001990_004012_07AF.zip
51PVM,51PVM,Sentinel-1C,,2025-04-14T10:04:41.936030Z,2025-04-14T10:05:08.884373Z,1888,,215,IW,VV+VH,ASCENDING,R,,https://datapool.asf.alaska.edu/SLC/SC/S1C_IW_SLC__1SDV_20250414T100441_20250414T100508_001888_003A01_BDD3.zip
51PVM,51PVM,Sentinel-1C,,2025-04-14T10:04:17.117243Z,2025-04-14T10:04:44.053253Z,1888,,184,IW,VV+VH,ASCENDING,R,,https://datapool.asf.alaska.edu/SLC/SC/S1C_IW_SLC__1SDV_20250414T100417_20250414T100444_001888_003A01_0802.zip
32UMC,32UMC,Sentinel-1C,,2025-04-21T05:32:51.168221Z,2025-04-21T05:33:21.828899Z,1987,,2554,IW,VV+VH,DESCENDING,R,,https://datapool.asf.alaska.edu/SLC/SC/S1C_IW_SLC__1SDV_20250421T053251_20250421T053321_001987_003FE4_B09D.zip
32UMC,32UMC,Sentinel-1C,,2025-04-12T17:07:32.397867Z,2025-04-12T17:08:35.910792Z,1863,,1059,EW,VV+VH,ASCENDING,R,,https://datapool.asf.alaska.edu/SLC/SC/S1C_EW_SLC__1SDV_20250412T170732_20250412T170835_001863_003872_308E.zip
32UMC,32UMC,Sentinel-1C,,2025-04-12T05:56:51.955528Z,2025-04-12T05:57:57.926415Z,1856,,2509,EW,VV+VH,DESCENDING,R,,https://datapool.asf.alaska.edu/SLC/SC/S1C_EW_SLC__1SDV_20250412T055651_20250412T055757_001856_003803_9D55.zip
32UMC,32UMC,Sentinel-1C,,2025-04-10T17:23:43.076862Z,2025-04-10T17:24:49.030234Z,1834,,1040,EW,VV+VH,ASCENDING,R,,https://datapool.asf.alaska.edu/SLC/SC/S1C_EW_SLC__1SDV_20250410T172343_20250410T172449_001834_0036AC_832E.zip
37TCN,37TCN,Sentinel-1C,,2025-04-23T03:38:53.553735Z,2025-04-23T03:39:21.476411Z,2015,,2643,IW,VV+VH,DESCENDING,R,,https://datapool.asf.alaska.edu/SLC/SC/S1C_IW_SLC__1SDV_20250423T033853_20250423T033921_002015_004198_0179.zip
37TCN,37TCN,Sentinel-1C,,2025-04-23T03:38:28.728782Z,2025-04-23T03:38:55.827180Z,2015,,2614,IW,VV+VH,DESCENDING,R,,https://datapool.asf.alaska.edu/SLC/SC/S1C_IW_SLC__1SDV_20250423T033828_20250423T033855_002015_004198_8EB3.zip
37TCN,37TCN,Sentinel-1C,,2025-04-19T15:19:22.940592Z,2025-04-19T15:19:49.911546Z,1964,,953,IW,VV+VH,ASCENDING,R,,https://datapool.asf.alaska.edu/SLC/SC/S1C_IW_SLC__1SDV_20250419T151922_20250419T151949_001964_003E9A_1397.zip
37TCN,37TCN,Sentinel-1C,,2025-04-19T15:18:58.113583Z,2025-04-19T15:19:25.094815Z,1964,,923,IW,VV+VH,ASCENDING,R,,https://datapool.asf.alaska.edu/SLC/SC/S1C_IW_SLC__1SDV_20250419T151858_20250419T151925_001964_003E9A_6E1B.zip
37TCN,37TCN,Sentinel-1C,,2025-04-16T03:47:16.855896Z,2025-04-16T03:47:44.784740Z,1913,,2655,IW,VV+VH,DESCENDING,R,,https://datapool.asf.alaska.edu/SLC/SC/S1C_IW_SLC__1SDV_20250416T034716_20250416T034744_001913_003B73_9A8B.zip
37TCN,37TCN,Sentinel-1C,,2025-04-16T03:46:52.032999Z,2025-04-16T03:47:18.991620Z,1913,,2626,IW,VV+VH,DESCENDING,R,,https://datapool.asf.alaska.edu/SLC/SC/S1C_IW_SLC__1SDV_20250416T034652_20250416T034718_001913_003B73_5AAC.zip
37TCN,37TCN,Sentinel-1C,,2025-04-12T15:27:50.609486Z,2025-04-12T15:28:18.554774Z,1862,,971,IW,VV+VH,ASCENDING,R,,https://datapool.asf.alaska.edu/SLC/SC/S1C_IW_SLC__1SDV_20250412T152750_20250412T152818_001862_00385D_6A61.zip
37TCN,37TCN,Sentinel-1C,,2025-04-12T15:27:25.786588Z,2025-04-12T15:27:52.759598Z,1862,,941,IW,VV+VH,ASCENDING,R,,https://datapool.asf.alaska.edu/SLC/SC/S1C_IW_SLC__1SDV_20250412T152725_20250412T152752_001862_00385D_DE1F.zip
37TCN,37TCN,Sentinel-1C,,2025-04-11T03:38:53.032430Z,2025-04-11T03:39:20.948940Z,1840,,2643,IW,VV+VH,DESCENDING,R,,https://datapool.asf.alaska.edu/SLC/SC/S1C_IW_SLC__1SDV_20250411T033853_20250411T033920_001840_0036F0_1467.zip
37TCN,37TCN,Sentinel-1C,,2025-04-11T03:38:28.209532Z,2025-04-11T03:38:55.305875Z,1840,,2614,IW,VV+VH,DESCENDING,R,,https://datapool.asf.alaska.edu/SLC/SC/S1C_IW_SLC__1SDV_20250411T033828_20250411T033855_001840_0036F0_87E8.zip
18TXL,18TXL,Sentinel-1C,,2025-04-18T22:50:11.947462Z,2025-04-18T22:50:46.343086Z,1954,,831,IW,VV+VH,ASCENDING,R,,https://datapool.asf.alaska.edu/SLC/SC/S1C_IW_SLC__1SDV_20250418T225011_20250418T225046_001954_003DFC_9F04.zip
18TXL,18TXL,Sentinel-1C,,2025-04-18T22:49:43.404007Z,2025-04-18T22:50:14.064685Z,1954,,795,IW,VV+VH,ASCENDING,R,,https://datapool.asf.alaska.edu/SLC/SC/S1C_IW_SLC__1SDV_20250418T224943_20250418T225014_001954_003DFC_C54D.zip
18TXL,18TXL,Sentinel-1C,,2025-04-17T11:05:05.261228Z,2025-04-17T11:05:39.669185Z,1932,,2777,IW,VV+VH,DESCENDING,R,,https://datapool.asf.alaska.edu/SLC/SC/S1C_IW_SLC__1SDV_20250417T110505_20250417T110539_001932_003CAF_5C05.zip
18TXL,18TXL,Sentinel-1C,,2025-04-17T11:04:36.730107Z,2025-04-17T11:05:07.386674Z,1932,,2743,IW,VV+VH,DESCENDING,R,,https://datapool.asf.alaska.edu/SLC/SC/S1C_IW_SLC__1SDV_20250417T110436_20250417T110507_001932_003CAF_22C2.zip
38TMP,38TMP,Sentinel-1C,,2025-04-20T03:15:02.669359Z,2025-04-20T03:15:29.632091Z,1971,,2703,IW,VV+VH,DESCENDING,R,,https://datapool.asf.alaska.edu/SLC/SC/S1C_IW_SLC__1SDV_20250420T031502_20250420T031529_001971_003F0A_E8BB.zip
38TMP,38TMP,Sentinel-1C,,2025-04-15T03:07:11.540749Z,2025-04-15T03:07:38.491147Z,1898,,2731,IW,VV+VH,DESCENDING,R,,https://datapool.asf.alaska.edu/SLC/SC/S1C_IW_SLC__1SDV_20250415T030711_20250415T030738_001898_003A96_D449.zip
38TMP,38TMP,Sentinel-1C,,2025-04-15T03:06:43.009628Z,2025-04-15T03:07:13.666195Z,1898,,2697,IW,VV+VH,DESCENDING,R,,https://datapool.asf.alaska.edu/SLC/SC/S1C_IW_SLC__1SDV_20250415T030643_20250415T030713_001898_003A96_A0B2.zip
16TGM,16TGM,Sentinel-1C,,2025-04-19T23:31:33.694170Z,2025-04-19T23:31:41.455951Z,1969,,831,IW,VV+VH,ASCENDING,R,,https://datapool.asf.alaska.edu/SLC/SC/S1C_IW_SLC__1SDV_20250419T233133_20250419T233141_001969_003EEA_0683.zip
16TGM,16TGM,Sentinel-1C,,2025-04-19T23:31:33.694170Z,2025-04-19T23:31:41.455951Z,1969,,831,IW,VV+VH,ASCENDING,R,,https://datapool.asf.alaska.edu/SLC/SC/S1C_IW_SLC__1SDV_20250419T233133_20250419T233141_001969_003EEA_B20D.zip
30UWC,30UWC,Sentinel-1C,,2025-04-23T18:05:07.881221Z,2025-04-23T18:05:34.954953Z,2024,,1038,IW,VV+VH,ASCENDING,R,,https://datapool.asf.alaska.edu/SLC/SC/S1C_IW_SLC__1SDV_20250423T180507_20250423T180534_002024_004219_F1C6.zip
30UWC,30UWC,Sentinel-1C,,2025-04-20T06:30:21.602934Z,2025-04-20T06:30:48.688999Z,1973,,2547,IW,VV+VH,DESCENDING,R,,https://datapool.asf.alaska.edu/SLC/SC/S1C_IW_SLC__1SDV_20250420T063021_20250420T063048_001973_003F22_D6EF.zip
30UWC,30UWC,Sentinel-1C,,2025-04-20T06:29:56.780037Z,2025-04-20T06:30:23.872269Z,1973,,2518,IW,VV+VH,DESCENDING,R,,https://datapool.asf.alaska.edu/SLC/SC/S1C_IW_SLC__1SDV_20250420T062956_20250420T063023_001973_003F22_083D.zip
30UWC,30UWC,Sentinel-1C,,2025-04-18T17:56:29.467053Z,2025-04-18T17:57:03.875010Z,1951,,1013,IW,HH+HV,ASCENDING,R,,https://datapool.asf.alaska.edu/SLC/SC/S1C_IW_SLC__1SDH_20250418T175629_20250418T175703_001951_003DC9_AC2F.zip
30UWC,30UWC,Sentinel-1C,,2025-04-15T06:22:27.716009Z,2025-04-15T06:22:58.374631Z,1900,,2572,IW,HH+HV,DESCENDING,R,,https://datapool.asf.alaska.edu/SLC/SC/S1C_IW_SLC__1SDH_20250415T062227_20250415T062258_001900_003ABC_FDB6.zip
30UWC,30UWC,Sentinel-1C,,2025-04-15T06:21:49.094046Z,2025-04-15T06:22:16.194500Z,1900,,2526,IW,VV+VH,DESCENDING,R,,https://datapool.asf.alaska.edu/SLC/SC/S1C_IW_SLC__1SDV_20250415T062149_20250415T062216_001900_003AB8_435B.zip
30UWC,30UWC,Sentinel-1C,,2025-04-13T17:48:56.771027Z,2025-04-13T17:49:27.437871Z,1878,,1060,IW,VV+VH,ASCENDING,R,,https://datapool.asf.alaska.edu/SLC/SC/S1C_IW_SLC__1SDV_20250413T174856_20250413T174927_001878_00395D_A113.zip
30UWC,30UWC,Sentinel-1C,,2025-04-11T18:04:54.381159Z,2025-04-11T18:05:28.778838Z,1849,,1027,IW,HH+HV,ASCENDING,R,,https://datapool.asf.alaska.edu/SLC/SC/S1C_IW_SLC__1SDH_20250411T180454_20250411T180528_001849_003784_B471.zip
30UWC,30UWC,Sentinel-1C,,2025-04-10T06:14:07.613745Z,2025-04-10T06:14:38.278534Z,1827,,2564,IW,HH+HV,DESCENDING,R,,https://datapool.asf.alaska.edu/SLC/SC/S1C_IW_SLC__1SDH_20250410T061407_20250410T061438_001827_003630_7ED7.zip
22JCR,22JCR,Sentinel-1C,,2025-04-23T08:55:30.677830Z,2025-04-23T08:55:57.617951Z,2018,,4117,IW,VV+VH,DESCENDING,R,,https://datapool.asf.alaska.edu/SLC/SC/S1C_IW_SLC__1SDV_20250423T085530_20250423T085557_002018_0041C6_8EDA.zip
22JCR,22JCR,Sentinel-1C,,2025-04-11T08:55:30.096654Z,2025-04-11T08:55:57.038830Z,1843,,4117,IW,VV+VH,DESCENDING,R,,https://datapool.asf.alaska.edu/SLC/SC/S1C_IW_SLC__1SDV_20250411T085530_20250411T085557_001843_003724_1DF3.zip
33UVS,33UVS,Sentinel-1C,,2025-04-23T05:16:31.269726Z,2025-04-23T05:16:59.219125Z,2016,,2563,IW,VV+VH,DESCENDING,R,,https://datapool.asf.alaska.edu/SLC/SC/S1C_IW_SLC__1SDV_20250423T051631_20250423T051659_002016_0041A9_51AF.zip
33UVS,33UVS,Sentinel-1C,,2025-04-21T16:43:00.563766Z,2025-04-21T16:43:27.528553Z,1994,,1049,IW,VV+VH,ASCENDING,R,,https://datapool.asf.alaska.edu/SLC/SC/S1C_IW_SLC__1SDV_20250421T164300_20250421T164327_001994_004053_B521.zip
33UVS,33UVS,Sentinel-1C,,2025-04-21T16:42:34.780923Z,2025-04-21T16:43:02.705656Z,1994,,1019,IW,VV+VH,ASCENDING,R,,https://datapool.asf.alaska.edu/SLC/SC/S1C_IW_SLC__1SDV_20250421T164234_20250421T164302_001994_004053_E751.zip
33UVS,33UVS,Sentinel-1C,,2025-04-18T05:08:22.292718Z,2025-04-18T05:08:50.244173Z,1943,,2569,IW,VV+VH,DESCENDING,R,,https://datapool.asf.alaska.edu/SLC/SC/S1C_IW_SLC__1SDV_20250418T050822_20250418T050850_001943_003D58_97A9.zip
33UVS,33UVS,Sentinel-1C,,2025-04-16T05:24:45.361984Z,2025-04-16T05:25:13.307272Z,1914,,2564,IW,VV+VH,DESCENDING,R,,https://datapool.asf.alaska.edu/SLC/SC/S1C_IW_SLC__1SDV_20250416T052445_20250416T052513_001914_003B86_19AD.zip
33UVS,33UVS,Sentinel-1C,,2025-04-14T16:51:09.008663Z,2025-04-14T16:51:35.975506Z,1892,,1043,IW,VV+VH,ASCENDING,R,,https://datapool.asf.alaska.edu/SLC/SC/S1C_IW_SLC__1SDV_20250414T165109_20250414T165135_001892_003A45_DDF8.zip
33UVS,33UVS,Sentinel-1C,,2025-04-14T16:50:43.227876Z,2025-04-14T16:51:11.152609Z,1892,,1013,IW,VV+VH,ASCENDING,R,,https://datapool.asf.alaska.edu/SLC/SC/S1C_IW_SLC__1SDV_20250414T165043_20250414T165111_001892_003A45_640E.zip
33UVS,33UVS,Sentinel-1C,,2025-04-11T05:16:30.740473Z,2025-04-11T05:16:58.696038Z,1841,,2563,IW,VV+VH,DESCENDING,R,,https://datapool.asf.alaska.edu/SLC/SC/S1C_IW_SLC__1SDV_20250411T051630_20250411T051658_001841_003705_78EF.zip
33UVS,33UVS,Sentinel-1C,,2025-04-09T16:42:59.910186Z,2025-04-09T16:43:26.877029Z,1819,,1049,IW,VV+VH,ASCENDING,R,,https://datapool.asf.alaska.edu/SLC/SC/S1C_IW_SLC__1SDV_20250409T164259_20250409T164326_001819_0035A0_779B.zip
33UVS,33UVS,Sentinel-1C,,2025-04-09T16:42:34.123232Z,2025-04-09T16:43:02.052076Z,1819,,1019,IW,VV+VH,ASCENDING,R,,https://datapool.asf.alaska.edu/SLC/SC/S1C_IW_SLC__1SDV_20250409T164234_20250409T164302_001819_0035A0_D36C.zip
37TGN,37TGN,Sentinel-1C,,2025-04-20T03:14:13.019452Z,2025-04-20T03:14:39.980128Z,1971,,2644,IW,VV+VH,DESCENDING,R,,https://datapool.asf.alaska.edu/SLC/SC/S1C_IW_SLC__1SDV_20250420T031413_20250420T031439_001971_003F0A_A73E.zip
37TGN,37TGN,Sentinel-1C,,2025-04-14T15:11:00.533477Z,2025-04-14T15:11:28.458209Z,1891,,944,IW,VV+VH,ASCENDING,R,,https://datapool.asf.alaska.edu/SLC/SC/S1C_IW_SLC__1SDV_20250414T151100_20250414T151128_001891_003A37_0B11.zip
37TGN,37TGN,Sentinel-1C,,2025-04-13T03:22:35.185227Z,2025-04-13T03:23:02.143848Z,1869,,2655,IW,VV+VH,DESCENDING,R,,https://datapool.asf.alaska.edu/SLC/SC/S1C_IW_SLC__1SDV_20250413T032235_20250413T032302_001869_0038DC_9DEC.zip
37TGN,37TGN,Sentinel-1C,,2025-04-13T03:22:10.362330Z,2025-04-13T03:22:37.318895Z,1869,,2625,IW,VV+VH,DESCENDING,R,,https://datapool.asf.alaska.edu/SLC/SC/S1C_IW_SLC__1SDV_20250413T032210_20250413T032237_001869_0038DC_EF3E.zip
16TFL,16TFL,Sentinel-1C,,2025-04-19T23:31:33.694170Z,2025-04-19T23:31:41.455951Z,1969,,831,IW,VV+VH,ASCENDING,R,,https://datapool.asf.alaska.edu/SLC/SC/S1C_IW_SLC__1SDV_20250419T233133_20250419T233141_001969_003EEA_0683.zip
16TFL,16TFL,Sentinel-1C,,2025-04-19T23:31:33.694170Z,2025-04-19T23:31:41.455951Z,1969,,831,IW,VV+VH,ASCENDING,R,,https://datapool.asf.alaska.edu/SLC/SC/S1C_IW_SLC__1SDV_20250419T233133_20250419T233141_001969_003EEA_B20D.zip
23KKP,23KKP,Sentinel-1C,,2025-04-20T08:30:08.767559Z,2025-04-20T08:30:33.921401Z,1974,,4068,IW,VV+VH,DESCENDING,R,,https://datapool.asf.alaska.edu/SLC/SC/S1C_IW_SLC__1SDV_20250420T083008_20250420T083033_001974_003F39_BA14.zip
23KKP,23KKP,Sentinel-1C,,2025-04-13T08:38:17.133740Z,2025-04-13T08:38:44.086195Z,1872,,4062,IW,VV+VH,DESCENDING,R,,https://datapool.asf.alaska.edu/SLC/SC/S1C_IW_SLC__1SDV_20250413T083817_20250413T083844_001872_003908_A1AB.zip
20LNJ,20LNJ,Sentinel-1C,,2025-04-22T09:49:39.827003Z,2025-04-22T09:50:06.760958Z,2004,,3869,IW,VV+VH,DESCENDING,R,,https://datapool.asf.alaska.edu/SLC/SC/S1C_IW_SLC__1SDV_20250422T094939_20250422T095006_002004_0040FA_1A94.zip
20LNJ,20LNJ,Sentinel-1C,,2025-04-17T09:41:38.924588Z,2025-04-17T09:42:05.868820Z,1931,,3884,IW,VV+VH,DESCENDING,R,,https://datapool.asf.alaska.edu/SLC/SC/S1C_IW_SLC__1SDV_20250417T094138_20250417T094205_001931_003CA3_18A2.zip
20LNJ,20LNJ,Sentinel-1C,,2025-04-10T09:49:39.224410Z,2025-04-10T09:50:06.176865Z,1829,,3869,IW,VV+VH,DESCENDING,R,,https://datapool.asf.alaska.edu/SLC/SC/S1C_IW_SLC__1SDV_20250410T094939_20250410T095006_001829_00365E_6050.zip
50UME,50UME,Sentinel-1C,,2025-04-17T22:32:49.082956Z,2025-04-17T22:33:16.045688Z,1939,,2527,IW,VV+VH,DESCENDING,R,,https://datapool.asf.alaska.edu/SLC/SC/S1C_IW_SLC__1SDV_20250417T223249_20250417T223316_001939_003D16_E53C.zip
50UME,50UME,Sentinel-1C,,2025-04-17T22:32:24.253890Z,2025-04-17T22:32:51.216622Z,1939,,2498,IW,VV+VH,DESCENDING,R,,https://datapool.asf.alaska.edu/SLC/SC/S1C_IW_SLC__1SDV_20250417T223224_20250417T223251_001939_003D16_237A.zip
10WFT,10WFT,Sentinel-1C,,2025-04-22T14:23:04.510255Z,2025-04-22T14:24:07.512321Z,2007,,2227,EW,HH+HV,ASCENDING,R,,https://datapool.asf.alaska.edu/SLC/SC/S1C_EW_SLC__1SDH_20250422T142304_20250422T142407_002007_00411F_8683.zip
10WFT,10WFT,Sentinel-1C,,2025-04-18T01:33:22.724285Z,2025-04-18T01:33:49.812406Z,1941,,1317,IW,VV+VH,ASCENDING,R,,https://datapool.asf.alaska.edu/SLC/SC/S1C_IW_SLC__1SDV_20250418T013322_20250418T013349_001941_003D33_797F.zip
10WFT,10WFT,Sentinel-1C,,2025-04-18T01:32:57.905499Z,2025-04-18T01:33:24.993620Z,1941,,1287,IW,VV+VH,ASCENDING,R,,https://datapool.asf.alaska.edu/SLC/SC/S1C_IW_SLC__1SDV_20250418T013257_20250418T013324_001941_003D33_614F.zip
10WFT,10WFT,Sentinel-1C,,2025-04-15T14:31:12.583854Z,2025-04-15T14:32:15.585919Z,1905,,2221,EW,HH+HV,ASCENDING,R,,https://datapool.asf.alaska.edu/SLC/SC/S1C_EW_SLC__1SDH_20250415T143112_20250415T143215_001905_003B10_1C82.zip
10WFT,10WFT,Sentinel-1C,,2025-04-10T14:23:03.933687Z,2025-04-10T14:24:06.938672Z,1832,,2227,EW,HH+HV,ASCENDING,R,,https://datapool.asf.alaska.edu/SLC/SC/S1C_EW_SLC__1SDH_20250410T142303_20250410T142406_001832_003685_9644.zip
10TFK,10TFK,Sentinel-1C,,2025-04-19T14:06:20.873118Z,2025-04-19T14:06:51.527629Z,1963,,2793,IW,VV+VH,DESCENDING,R,,https://datapool.asf.alaska.edu/SLC/SC/S1C_IW_SLC__1SDV_20250419T140620_20250419T140651_001963_003E8D_7B39.zip
10TFK,10TFK,Sentinel-1C,,2025-04-19T02:07:27.806072Z,2025-04-19T02:07:54.754415Z,1956,,811,IW,VV+VH,ASCENDING,R,,https://datapool.asf.alaska.edu/SLC/SC/S1C_IW_SLC__1SDV_20250419T020727_20250419T020754_001956_003E1E_6351.zip
10TFK,10TFK,Sentinel-1C,,2025-04-19T02:07:02.977008Z,2025-04-19T02:07:29.927407Z,1956,,781,IW,VV+VH,ASCENDING,R,,https://datapool.asf.alaska.edu/SLC/SC/S1C_IW_SLC__1SDV_20250419T020702_20250419T020729_001956_003E1E_C67C.zip
54WVD,54WVD,Sentinel-1C,,2025-04-18T21:30:20.848284Z,2025-04-18T21:30:47.813071Z,1953,,2180,IW,VV+VH,DESCENDING,R,,https://datapool.asf.alaska.edu/SLC/SC/S1C_IW_SLC__1SDV_20250418T213020_20250418T213047_001953_003DF0_D4F4.zip
54WVD,54WVD,Sentinel-1C,,2025-04-18T21:29:56.025386Z,2025-04-18T21:30:22.992230Z,1953,,2151,IW,VV+VH,DESCENDING,R,,https://datapool.asf.alaska.edu/SLC/SC/S1C_IW_SLC__1SDV_20250418T212956_20250418T213022_001953_003DF0_2CA3.zip
11VLE,11VLE,Sentinel-1C,,2025-04-18T01:31:17.754685Z,2025-04-18T01:31:44.721528Z,1941,,1168,IW,VV+VH,ASCENDING,R,,https://datapool.asf.alaska.edu/SLC/SC/S1C_IW_SLC__1SDV_20250418T013117_20250418T013144_001941_003D33_B88D.zip
50VNK,50VNK,Sentinel-1C,,2025-04-22T22:39:25.286281Z,2025-04-22T22:39:53.235680Z,2012,,2411,IW,VV+VH,DESCENDING,R,,https://datapool.asf.alaska.edu/SLC/SC/S1C_IW_SLC__1SDV_20250422T223925_20250422T223953_002012_00416D_DAD6.zip
37LBH,37LBH,Sentinel-1C,,2025-04-17T03:05:34.725185Z,2025-04-17T03:06:10.917365Z,1927,,3805,IW,VV+VH,DESCENDING,R,,https://datapool.asf.alaska.edu/SLC/SC/S1C_IW_SLC__1SDV_20250417T030534_20250417T030610_001927_003C5E_3629.zip
37LBH,37LBH,Sentinel-1C,,2025-04-10T03:13:46.108287Z,2025-04-10T03:14:11.264185Z,1825,,3802,IW,VV+VH,DESCENDING,R,,https://datapool.asf.alaska.edu/SLC/SC/S1C_IW_SLC__1SDV_20250410T031346_20250410T031411_001825_00360F_99E1.zip
07VFJ,07VFJ,Sentinel-1C,,2025-04-22T02:38:03.530504Z,2025-04-22T02:38:30.503514Z,2000,,1235,IW,VV+VH,ASCENDING,R,,https://datapool.asf.alaska.edu/SLC/SC/S1C_IW_SLC__1SDV_20250422T023803_20250422T023830_002000_0040B3_46B4.zip
07VFJ,07VFJ,Sentinel-1C,,2025-04-20T02:54:38.020956Z,2025-04-20T02:55:04.989855Z,1971,,1243,IW,VV+VH,ASCENDING,R,,https://datapool.asf.alaska.edu/SLC/SC/S1C_IW_SLC__1SDV_20250420T025438_20250420T025504_001971_003F08_B161.zip
07VFJ,07VFJ,Sentinel-1C,,2025-04-20T02:54:13.196003Z,2025-04-20T02:54:40.162847Z,1971,,1214,IW,VV+VH,ASCENDING,R,,https://datapool.asf.alaska.edu/SLC/SC/S1C_IW_SLC__1SDV_20250420T025413_20250420T025440_001971_003F08_3A00.zip
07VFJ,07VFJ,Sentinel-1C,,2025-04-15T02:46:38.617081Z,2025-04-15T02:46:59.240478Z,1898,,1257,IW,VV+VH,ASCENDING,R,,https://datapool.asf.alaska.edu/SLC/SC/S1C_IW_SLC__1SDV_20250415T024638_20250415T024659_001898_003A92_AC20.zip
07VFJ,07VFJ,Sentinel-1C,,2025-04-15T02:46:13.792128Z,2025-04-15T02:46:40.752805Z,1898,,1231,IW,VV+VH,ASCENDING,R,,https://datapool.asf.alaska.edu/SLC/SC/S1C_IW_SLC__1SDV_20250415T024613_20250415T024640_001898_003A92_03A9.zip
07VFJ,07VFJ,Sentinel-1C,,2025-04-13T03:02:35.368606Z,2025-04-13T03:03:02.327227Z,1869,,1224,IW,VV+VH,ASCENDING,R,,https://datapool.asf.alaska.edu/SLC/SC/S1C_IW_SLC__1SDV_20250413T030235_20250413T030302_001869_0038D8_9637.zip
07VFJ,07VFJ,Sentinel-1C,,2025-04-10T02:38:02.915519Z,2025-04-10T02:38:29.886473Z,1825,,1235,IW,VV+VH,ASCENDING,R,,https://datapool.asf.alaska.edu/SLC/SC/S1C_IW_SLC__1SDV_20250410T023802_20250410T023829_001825_003608_14B0.zip
52PBQ,52PBQ,Sentinel-1C,,2025-04-16T09:47:36.185496Z,2025-04-16T09:48:03.109173Z,1917,,168,IW,VV+VH,ASCENDING,R,,https://datapool.asf.alaska.edu/SLC/SC/S1C_IW_SLC__1SDV_20250416T094736_20250416T094803_001917_003BB2_0F33.zip
49UCQ,49UCQ,Sentinel-1C,,2025-04-20T22:58:30.646815Z,2025-04-20T22:59:00.499659Z,1983,,2599,IW,VV+VH,DESCENDING,R,,https://datapool.asf.alaska.edu/SLC/SC/S1C_IW_SLC__1SDV_20250420T225830_20250420T225900_001983_003FA2_64A9.zip
49UCQ,49UCQ,Sentinel-1C,,2025-04-15T22:50:18.338397Z,2025-04-15T22:50:45.294962Z,1910,,2602,IW,VV+VH,DESCENDING,R,,https://datapool.asf.alaska.edu/SLC/SC/S1C_IW_SLC__1SDV_20250415T225018_20250415T225045_001910_003B52_834E.zip
56MPV,56MPV,Sentinel-1C,,2025-04-23T07:56:53.945206Z,2025-04-23T07:57:14.539824Z,2017,,7081,IW,VV+VH,ASCENDING,R,,https://datapool.asf.alaska.edu/SLC/SC/S1C_IW_SLC__1SDV_20250423T075653_20250423T075714_002017_0041B9_6DAA.zip
56MPV,56MPV,Sentinel-1C,,2025-04-11T07:56:53.377123Z,2025-04-11T07:57:13.986130Z,1842,,7081,IW,VV+VH,ASCENDING,R,,https://datapool.asf.alaska.edu/SLC/SC/S1C_IW_SLC__1SDV_20250411T075653_20250411T075713_001842_003717_21B8.zip
13UDV,13UDV,Sentinel-1C,,2025-04-22T00:57:10.888089Z,2025-04-22T00:57:37.848765Z,1999,,1082,IW,VV+VH,ASCENDING,R,,https://datapool.asf.alaska.edu/SLC/SC/S1C_IW_SLC__1SDV_20250422T005710_20250422T005737_001999_0040A5_67E8.zip
13UDV,13UDV,Sentinel-1C,,2025-04-22T00:56:46.063136Z,2025-04-22T00:57:13.023813Z,1999,,1052,IW,VV+VH,ASCENDING,R,,https://datapool.asf.alaska.edu/SLC/SC/S1C_IW_SLC__1SDV_20250422T005646_20250422T005713_001999_0040A5_5855.zip
13UDV,13UDV,Sentinel-1C,,2025-04-17T00:49:05.344617Z,2025-04-17T00:49:32.315571Z,1926,,1092,IW,VV+VH,ASCENDING,R,,https://datapool.asf.alaska.edu/SLC/SC/S1C_IW_SLC__1SDV_20250417T004905_20250417T004932_001926_003C45_A413.zip
13UDV,13UDV,Sentinel-1C,,2025-04-17T00:48:40.521719Z,2025-04-17T00:49:07.492673Z,1926,,1063,IW,VV+VH,ASCENDING,R,,https://datapool.asf.alaska.edu/SLC/SC/S1C_IW_SLC__1SDV_20250417T004840_20250417T004907_001926_003C45_308C.zip
13UDV,13UDV,Sentinel-1C,,2025-04-12T00:40:42.993721Z,2025-04-12T00:41:09.954398Z,1853,,1082,IW,VV+VH,ASCENDING,R,,https://datapool.asf.alaska.edu/SLC/SC/S1C_IW_SLC__1SDV_20250412T004042_20250412T004109_001853_0037CE_861A.zip
13UDV,13UDV,Sentinel-1C,,2025-04-12T00:40:18.170823Z,2025-04-12T00:40:45.129444Z,1853,,1053,IW,VV+VH,ASCENDING,R,,https://datapool.asf.alaska.edu/SLC/SC/S1C_IW_SLC__1SDV_20250412T004018_20250412T004045_001853_0037CE_3B79.zip
